AB-AC,Crit Range,Crit Mult,Crit Confirm Bonus,Mult Dmg,Non Mult Dmg,Mean,Standard Deviation
-19,16,2,2,139.0,26.5,20.2793,62.27299327565682
22,19,1,0,59.0,22.0,76.8965,19.005551498180736
16,18,4,3,158.0,62.0,279.1788,179.7428135713915
41,18,2,0,75.0,57.0,136.5372,41.84855811327315
-33,16,1,0,31.0,64.5,4.5087,20.283316403142756
-39,17,2,3,121.0,36.0,7.8203,34.13972477788888
1,17,3,3,55.0,37.5,110.5299,53.52816180283048
-93,19,4,0,166.5,41.0,10.5266,45.55595342477204
32,19,3,3,58.5,13.0,79.3068,40.00708529448252
0,17,3,0,87.5,22.5,140.4871,78.38697872472187
68,19,3,2,232.0,19.0,286.5904,155.55705971713402
-18,20,3,3,172.0,52.0,37.6763,98.67725431075796
97,16,1,0,75.0,59.0,127.2878,30.8449699490857
-1,20,4,1,101.0,43.0,151.7087,74.40670026489549
21,19,3,1,30.0,73.0,103.92,30.01018493778404
24,17,1,3,173.5,71.0,232.0947,54.021117462618264
-28,18,3,2,161.0,36.0,10.3569,43.99916501923644
62,20,2,3,73.0,33.0,104.3203,30.526885001748866
27,16,4,1,190.0,35.0,355.1623,258.62643631057904
27,16,1,1,184.0,14.5,189.0902,42.22015234411169
1,19,2,0,223.0,29.0,261.4491,88.91696693651893
1,20,1,3,69.0,46.0,109.408,26.274035396185337
70,16,2,2,133.0,31.0,190.1752,71.98275699749212
-6,16,2,1,173.0,71.0,218.3451,141.6409771428805
61,20,4,2,93.0,44.0,144.3658,69.42176885069985
70,19,2,0,168.0,52.5,224.5035,73.18936663033777
-21,20,4,2,118.0,77.0,10.6957,53.71383156608734
-100,19,2,1,48.0,48.0,4.7651,20.885830651185508
4,18,3,3,151.0,66.5,249.9928,122.21782500175661
56,20,3,0,112.0,28.0,144.2799,59.94777356991668
61,16,1,1,52.0,39.5,86.8707,21.323254477447854
-30,20,2,2,94.5,50.0,7.4851,32.03598255071943
-2,16,4,1,42.0,86.0,154.466,65.04913868761061
24,16,2,2,201.0,30.0,268.8514,107.1866293809074
-9,18,3,0,174.0,3.0,138.8162,148.31138600107545
-4,19,4,2,156.0,38.0,208.0005,159.6918767494139
-56,16,2,3,152.0,75.5,10.6564,48.05477020067832
-34,20,3,2,51.5,65.5,5.999,25.849676961231065
70,17,2,2,220.0,48.5,298.7585,110.87435040508691
59,18,3,2,177.0,31.0,252.6074,141.53672761951225
-23,16,1,0,105.0,42.0,7.5178,32.44906290110702
-27,18,2,1,106.0,64.5,7.8358,35.72628777748957
-8,17,3,3,95.0,71.0,137.589,122.03108242984653
56,16,4,3,72.0,4.0,124.9278,96.15475956581662
-6,18,1,0,181.5,54.5,177.7531,101.99850557919953
-35,17,1,0,199.0,74.5,14.5659,61.476311349901266
4,19,1,3,252.0,28.0,265.9426,61.72782440067039
-81,19,1,3,214.5,43.5,12.7602,55.93580155821493
58,18,1,3,95.0,30.0,119.0161,28.683605784315194
86,19,1,1,99.0,89.0,178.928,41.73050462191896
-14,20,1,3,129.0,31.0,56.5904,76.5767629757226
45,20,2,0,130.0,57.5,183.8375,52.57611524019248
-9,20,2,1,147.5,51.0,122.3205,104.68323924941375
-8,20,1,0,194.0,60.5,167.4868,120.83702257900927
-20,18,1,3,101.0,60.0,7.6542,34.26240537907401
-30,16,3,0,223.0,9.0,11.3567,50.10254749122045
0,18,2,2,180.5,38.0,235.5642,84.47162528541759
27,19,2,2,43.0,32.5,76.1114,22.74607196946321
-39,18,3,0,224.5,46.0,14.1134,60.24954722186714
61,20,4,3,170.0,57.0,241.2561,124.18003991298278
-31,20,1,1,127.0,20.0,7.2196,31.784511571518607
79,19,1,1,158.0,38.0,186.5286,42.42823331273646
-16,16,4,3,131.0,50.0,83.5272,172.87465013749124
4,18,2,3,170.0,56.5,238.7302,81.45626070450325
-7,20,4,0,32.0,37.0,51.0173,39.020784214441406
-109,16,2,0,190.0,27.0,10.6205,46.80425279555268
9,17,4,1,152.0,27.0,262.0314,191.32372360488912
-26,17,2,0,162.0,68.0,10.6703,48.46102761921171
5,17,3,1,63.0,52.0,134.1286,59.31647884053806
29,20,2,1,95.0,54.0,145.8669,40.81971563337991
-14,20,2,1,33.0,85.0,41.9508,57.58965514187422
-32,19,3,3,12.5,67.0,4.159,17.68679504602233
-24,16,2,1,215.0,71.0,14.5758,63.10106064370075
-22,18,1,3,256.5,80.0,17.2847,74.28799395534921
15,20,3,2,163.0,89.0,256.1922,93.9755779932212
37,19,1,2,221.0,45.0,252.8235,58.39821185404567
-80,19,4,3,181.0,33.0,11.7191,48.67845719812821
-46,19,4,2,151.0,38.0,9.5931,41.508653704860144
-13,17,3,3,76.0,42.0,64.0467,89.1706314831851
1,17,4,3,41.0,42.0,103.4643,55.26171301642757
34,16,4,0,216.0,49.0,410.6934,292.1193954472041
-4,17,4,1,132.0,60.5,233.4449,177.7080835640011
12,18,4,1,67.0,37.0,127.6928,76.76861356153307
18,16,2,1,131.5,43.0,199.5568,72.97395681858015
34,20,4,2,19.0,21.0,40.7192,17.115173132632926
-6,19,2,0,193.0,21.0,174.3577,112.99682009114238
31,18,4,1,85.0,8.0,126.96,95.30236513329562
-20,19,2,3,8.5,57.0,3.3589,14.826998711472255
22,19,3,3,187.0,27.0,242.1267,126.68566472616385
80,17,3,0,210.0,55.0,334.6843,184.38338871359858
-35,19,4,1,107.0,67.0,9.2319,38.93783407420089
23,16,3,0,185.0,12.0,281.7965,171.68492970482296
52,16,1,2,157.0,76.0,222.2949,49.06514377834839
57,17,2,3,81.0,77.0,166.1656,50.86223330369991
-32,19,3,1,201.5,48.0,12.2681,53.94158342494221
-38,16,2,2,135.0,45.5,9.014,39.402926338027235
7,18,3,1,40.5,31.0,79.8019,35.2414848777687
-31,20,1,1,9.0,55.0,3.1448,13.883228477555212
-63,16,3,3,135.0,54.0,8.9378,40.11806988328326
23,18,1,2,32.5,74.0,101.6102,23.299786607606517
-34,17,2,2,182.0,76.5,13.5635,57.74183031174194
-70,20,3,3,58.0,56.5,5.9114,25.410941541784716
10,17,3,0,236.0,44.5,358.8077,203.98898725350347
-54,18,1,0,143.0,64.5,10.1536,44.796542355856005
-21,19,3,3,202.0,44.0,15.6377,73.52162429319691
-34,16,4,1,74.0,53.0,6.1575,27.31931356659607
-16,20,4,1,224.0,50.5,78.1238,155.7164868392554
-70,17,1,1,163.0,5.0,8.6925,37.198542226141065
-7,19,2,1,18.0,81.0,70.863,46.646056971624084
-31,17,3,3,53.5,55.0,5.1138,22.9795876716707
23,16,2,0,53.0,20.0,83.0707,29.791453497773485
-33,16,2,3,12.5,36.0,2.5173,10.794846025303002
-9,20,3,1,145.0,33.0,115.0556,107.2358219469595
-101,16,3,2,116.0,45.0,7.891,34.79271071647048
-19,18,2,3,170.5,8.0,21.0988,68.51158324371143
-62,16,3,1,118.0,26.0,6.7369,30.406993905843446
-33,16,2,0,29.0,32.5,3.2173,13.722364253655416
13,18,3,3,50.0,26.5,88.0113,40.444467759014955
-13,18,3,2,107.0,46.5,78.7365,109.1470360007545
-81,17,2,1,184.0,74.5,13.3469,57.12670619237556
35,20,4,0,217.5,6.5,248.0736,157.96987555556282
16,16,1,2,94.0,34.0,122.2965,27.015698912854354
8,16,4,3,173.0,52.5,344.8949,235.9034973331044
-55,18,2,1,103.0,58.0,8.2137,35.46631968938982
-29,19,4,2,25.0,50.0,3.7446,16.35159841850331
-20,20,3,3,19.0,56.5,4.1988,18.7376059986328
-36,19,3,0,205.0,50.0,12.3508,54.72703298517105
28,16,3,1,200.0,39.5,324.1116,185.80961155290112
1,19,4,0,17.0,64.0,81.9151,25.090031725567826
-57,19,4,1,140.0,50.5,9.6207,41.84829066413585
31,19,1,3,28.0,42.0,66.3725,16.0927108887844
5,20,2,1,190.0,74.0,259.9112,74.74467281726504
-21,19,2,0,105.0,36.5,7.1227,30.94750789175115
-22,20,2,3,80.0,46.0,6.5485,29.384006666041987
12,20,4,2,29.0,40.0,69.4872,25.651885625817062
-39,16,2,0,93.0,59.0,7.5581,33.11495771384889
84,16,1,1,158.5,19.0,169.0694,37.95588733833
-45,18,4,3,42.0,56.0,4.9167,21.497994350869106
-39,20,1,1,162.0,68.5,12.009,51.33983170015266
55,18,4,2,217.0,54.0,354.583,245.1693612811356
-36,16,1,0,206.5,58.0,12.6211,56.420536463153205
-59,20,3,1,192.5,33.0,10.1532,46.785843262251895
-79,17,4,0,59.0,21.0,3.8804,17.18601454206297
17,17,4,3,53.0,75.0,153.6748,74.2013035260163
-51,18,1,0,93.5,50.0,7.3808,31.700791651944595
-63,16,1,3,22.0,14.5,1.9334,8.193617298849148
24,20,2,3,171.0,72.0,240.2776,65.13224499616146
92,17,2,3,138.0,50.0,205.4802,71.93905481697685
46,20,2,3,206.0,32.0,234.7451,72.40018457151888
-14,16,2,2,68.5,4.0,33.6669,49.95320754856488
58,20,2,3,90.0,39.0,127.4706,35.29151931611899
-44,20,4,1,125.5,76.5,10.2928,44.48580299556252
-17,18,3,1,83.0,12.0,25.0592,56.646435857518874
10,16,3,3,42.0,76.0,133.1771,49.47943143963965
-5,16,2,3,218.0,19.0,245.4592,149.08533105359493
-56,16,4,0,189.0,36.0,10.8439,48.18854150926339
-27,20,4,1,239.0,23.0,12.0369,54.991238742094176
35,20,1,3,130.5,44.0,165.9213,39.39024887342043
-22,16,2,3,22.5,80.0,5.3776,23.177308261314554
-45,17,4,3,152.0,51.0,10.316,44.69614238387917
-21,19,1,1,114.0,97.0,9.7659,44.3271507903452
39,17,1,0,230.0,23.5,240.3644,56.548494344588875
57,19,3,3,122.0,52.0,188.7696,83.96673696077512
-75,18,1,0,166.0,34.0,10.7779,45.16102048880207
-16,18,1,1,135.0,72.0,52.2796,90.13833381996807
17,18,2,0,186.0,51.5,254.2615,88.58411662228167
67,16,2,1,128.0,25.5,177.4944,69.3392036919952
-60,18,2,3,99.0,65.0,7.7105,34.68707957943419
60,18,2,0,188.5,80.0,284.5587,94.36978517677149
19,20,1,1,7.5,69.0,72.831,17.384126063739874
37,16,3,0,150.0,55.5,268.6979,141.91452510433876
32,20,2,2,159.0,7.5,166.3508,51.223109426898326
23,20,3,1,16.0,81.5,93.9941,23.40293710605573
-15,20,3,2,183.0,54.5,76.7763,128.3435267487613
-6,16,2,1,68.5,40.5,95.1128,61.95945025708347
33,20,2,3,74.0,41.0,112.9384,31.388794265469965
83,19,3,3,136.0,36.0,189.3601,91.9845129790336
-1,16,2,2,178.0,60.0,270.7801,97.74580064631934
-20,19,4,2,196.0,78.5,17.7386,88.31304360081812
17,19,2,0,88.0,37.0,127.8783,39.60114252278588
-32,16,4,2,39.5,50.5,4.4964,19.598280206181357
51,17,4,0,89.5,42.0,180.0357,116.11493024374602
10,17,2,1,138.0,91.5,247.0441,78.52890904112957
36,18,1,2,165.0,59.0,212.9557,49.35854877840311
-13,18,2,0,48.0,30.5,34.0784,43.57382991475503
-14,16,3,2,101.5,77.0,87.3286,131.78683402388873
-6,16,3,0,144.0,61.0,210.0353,163.119586971982
34,20,3,2,53.5,38.0,92.2174,30.99715046968027
-42,20,2,1,82.0,54.0,6.6232,29.297648741153278
-48,19,4,2,174.5,49.0,11.0591,48.48326110308587
42,18,1,1,181.0,38.0,208.0744,47.71348724040195
15,19,4,0,119.0,8.0,155.4262,111.9983667450557
66,17,1,2,225.5,82.0,293.0062,66.19765676789474
-56,20,1,2,75.0,65.0,6.9057,30.371091641724046
-5,17,1,3,69.0,4.0,58.4235,29.823064023503687
59,20,1,3,78.5,26.5,99.7707,23.39185160499271
1,19,3,3,83.0,26.0,119.9559,58.70815067083957
38,18,1,2,124.0,91.0,204.3777,47.25137715146512
40,18,1,3,185.5,58.0,231.0665,53.9130826214751
15,16,2,2,31.0,55.0,89.5961,26.98634404268203
14,19,2,2,108.5,39.0,150.5446,47.21438987046216
-19,19,1,2,161.0,52.0,20.8563,63.35514699146392
4,19,3,2,51.0,48.5,104.9559,38.74465324648035
-7,20,1,1,142.0,50.0,134.8225,87.99345767584087
-22,17,3,3,108.0,18.5,7.3217,35.166651946268644
-29,20,3,2,142.0,83.0,11.1136,48.747536297129926
15,18,4,0,163.5,48.0,272.8432,185.20299191362975
13,18,3,1,208.0,27.0,286.8508,163.7895501531157
48,19,1,3,129.0,59.0,178.6022,41.47010435434182
37,17,3,0,-3.0,65.0,57.5417,14.205761546288182
-30,17,3,2,121.5,43.0,8.4327,36.31582672485923
-10,16,1,1,77.5,74.0,83.6116,75.4120344868112
-8,17,2,2,160.0,56.5,164.4794,133.00623434877028
-51,17,2,0,117.0,23.0,6.4734,29.41749636593842
-15,20,2,2,210.0,67.0,88.5984,137.93866940579062
40,19,3,2,167.0,70.0,259.0964,116.8668007050762
-3,16,2,1,115.5,69.5,192.8889,81.76689156859273
-47,17,3,3,263.0,83.0,16.9934,74.9204308345861
45,18,2,0,151.0,76.5,238.5953,77.74552924708918
-10,17,3,2,132.0,13.0,114.5601,134.1400812135955
-15,18,3,1,74.0,76.5,54.6126,87.2033584286752
44,19,1,3,134.5,31.0,156.7985,38.19181453858929
0,20,2,0,150.0,64.0,210.5927,60.097354406912125
-58,18,2,2,23.0,42.0,3.2157,14.14470125205902
-97,16,1,0,138.0,30.0,8.3497,36.504271118733485
7,19,4,0,62.5,42.5,119.5859,64.66063733980667
-5,17,1,3,4.5,44.0,38.8154,19.559174901820374
-30,16,1,2,122.0,44.0,8.2049,36.02615322220789
13,20,4,0,28.0,42.5,71.2043,25.591701028067675
-79,18,3,2,53.0,55.0,5.2974,23.403541467906088
78,16,2,1,170.5,57.0,259.0476,95.97124014120064
-24,19,1,3,167.0,60.5,12.3592,51.50061334935731
40,18,3,3,64.0,43.0,121.7907,53.29089315736789
16,17,3,0,208.0,49.0,326.9017,180.95886283105892
-5,17,4,2,202.0,12.0,273.0934,262.19989259425716
-17,19,1,0,46.5,36.0,17.2027,33.595103999094874
-60,18,1,1,184.5,42.5,11.9071,50.60269033944736
-54,16,1,3,141.0,68.0,10.5811,45.85509374965882
-88,19,2,1,59.0,55.0,5.7032,24.878261791371198
-5,20,2,2,202.0,38.5,200.1497,110.25486515301718
-36,16,4,1,74.0,18.5,4.4441,19.787194727651517
1,16,3,1,139.5,80.0,279.1941,136.36206519846345
-33,16,3,1,136.0,55.0,8.8063,40.079762727715845
-94,19,2,1,149.0,52.0,9.8695,43.441844686315974
-3,17,4,0,164.5,8.5,246.1324,205.49100873332634
60,16,3,1,184.0,25.5,292.7713,172.55607029690378
5,17,4,0,234.0,74.0,434.8479,298.376025453772
33,18,2,0,36.0,55.5,92.182,25.976202108853403
-14,16,3,0,127.0,53.5,85.7483,133.44040897385617
34,17,4,2,107.5,81.0,244.3636,139.9119372857084
14,16,3,3,73.0,31.0,135.4624,71.26419989195135
-91,19,4,0,244.5,29.5,12.5011,57.17313179099077
-17,20,2,0,43.5,59.0,21.8407,42.81690464652951
-45,17,1,0,180.0,85.0,13.5466,58.41953122406922
-6,18,4,0,47.0,35.0,77.5516,63.74008265950084
36,16,4,2,223.5,13.0,389.704,299.9498231104663
8,17,3,1,222.0,29.5,326.4421,191.19628669927144
-10,18,2,2,207.0,67.0,171.0155,165.77253047399017
-23,17,4,1,191.0,44.0,11.2374,50.19674532517024
7,20,3,0,111.5,47.0,162.5947,62.146390336929464
-8,19,4,3,60.0,63.0,94.9549,85.08784793370907
-7,19,4,2,50.5,28.0,67.4894,61.12067316088723
13,20,1,0,167.0,48.0,204.6363,46.347382043757335
20,17,2,2,149.0,44.0,213.6644,77.86496241982012
-64,17,2,3,46.0,18.0,3.2445,14.197482866691546
27,18,2,1,41.0,75.5,117.2777,32.05361107129741
-33,18,4,3,29.0,67.5,5.0851,21.57634487094605
33,16,4,0,174.0,73.5,367.6389,239.4582237192743
-5,18,3,0,179.0,15.5,201.373,154.12573526507506
0,16,2,2,65.0,76.0,150.6332,43.962284492050685
30,19,1,0,27.0,72.0,94.0536,22.43187301675899
17,18,4,2,152.0,53.0,262.3584,173.81244589913575
19,17,1,2,170.0,36.0,195.5175,45.58153676380383
23,20,3,0,111.5,42.0,156.1291,58.47342330657578
58,20,4,1,90.0,49.0,145.7683,67.4091908801018
-103,18,1,1,167.5,60.0,11.3968,49.70374382036025
22,16,1,2,88.0,30.0,112.4279,25.41337839780457
-9,19,4,3,81.0,56.0,100.4736,103.02870523810341
52,18,2,1,50.5,48.0,100.6623,30.060453401603908
-72,19,1,3,149.5,47.0,9.9827,43.17400607668925
39,16,3,3,179.0,17.0,276.0957,167.1002194538056
16,17,3,0,94.0,73.0,196.5806,87.68211735376832
-12,20,3,0,48.0,56.0,48.3676,56.13911711311463
-9,19,3,1,70.5,50.0,81.693,75.17738723179997
62,18,2,2,121.5,25.5,158.4166,57.368892654817735
29,19,1,2,202.0,29.0,220.3693,48.607945003980575
-94,20,3,0,175.0,43.0,10.7401,47.22434279045077
-17,20,2,1,168.0,57.0,49.541,97.68299503495992
86,16,1,2,128.0,29.0,149.1006,34.48148024142815
-6,18,2,3,46.0,60.0,84.7584,52.42134898531322
-48,16,4,2,71.0,36.0,5.7003,24.04378256244221
55,20,3,1,157.5,27.0,190.0075,80.34617877503571
-94,18,1,3,116.5,49.5,7.6534,34.78687207036585
-50,17,4,0,114.0,64.0,9.3732,39.80813888842331
22,16,3,2,109.0,73.5,229.3479,109.83806018675858
17,17,4,0,92.0,44.0,183.3216,117.95967180964857
13,20,4,0,93.0,60.0,161.0649,73.33156679077572
11,19,2,2,137.0,28.0,170.9174,55.3333333284739
48,16,3,1,141.0,56.5,256.4484,133.62700003158045
-15,17,4,2,80.0,41.0,54.8698,101.70706783680278
-27,19,4,1,132.0,43.0,8.645,37.922802836815734
25,19,3,0,65.0,66.0,137.5547,49.93505990694314
2,16,2,0,186.0,56.5,277.3655,101.79773332324253
11,16,3,0,4.0,65.5,68.0567,17.132159382576383
-16,18,4,1,148.0,50.5,69.9241,146.4653028508459
24,18,2,3,84.5,31.0,122.7785,41.985138296187614
2,17,1,0,156.0,61.0,206.0906,48.36315944642161
-12,16,4,3,65.0,58.0,85.0085,112.39489858418843
-4,20,4,3,134.0,25.5,156.1817,109.09321466117864
6,20,1,3,141.5,42.5,175.0799,40.39700379966316
-11,16,4,2,70.0,65.0,97.4006,120.01944975561253
1,19,2,0,107.0,40.5,151.4464,47.525249363259526
5,20,4,1,181.0,56.0,249.5681,128.5101566507099
-38,18,4,2,69.0,51.0,6.0219,26.268833632081957
-1,18,1,0,179.0,41.0,208.1862,50.330906305768025
-56,20,2,2,127.5,62.0,9.9088,42.20795994311973
37,16,1,3,144.5,40.0,174.9264,41.3023387115064
-4,18,1,2,19.5,44.5,54.4223,23.27847423500948
-38,20,1,0,230.0,1.0,12.215,51.777141433261846
83,19,1,0,60.5,43.0,98.3708,22.590022296580408
-62,19,3,2,75.5,54.0,7.0939,29.470647817616765
-52,17,3,2,58.0,7.0,3.1696,14.151255627681948
-10,16,1,0,144.0,80.5,125.0695,111.70970266610685
-27,19,2,1,132.0,71.0,10.071,44.154802219011245
-79,17,3,3,170.0,39.5,10.5121,45.73865819621296
6,17,2,3,31.5,76.5,108.9332,29.1375039727153
-56,20,2,1,26.0,9.0,1.5495,7.362822132171875
23,16,3,1,156.0,19.5,245.5721,146.5694995610956
-41,16,2,1,169.0,28.0,9.7253,42.670207872823866
44,16,3,3,208.0,67.0,364.2387,196.98071256422543
10,16,2,3,163.0,53.5,245.5377,90.78636449770417
-72,20,2,1,46.5,33.5,4.0323,17.514749690189692
-65,18,1,1,119.0,8.0,6.0307,27.030726174300234
-3,18,2,3,109.5,73.5,180.7295,73.16337150343742
14,17,2,2,46.0,36.5,88.1156,28.502884707341465
-58,19,4,3,181.0,90.5,14.1466,60.399830367642586
-1,17,1,0,46.0,75.5,115.631,26.99149938406535
-12,16,2,1,91.0,26.0,64.6785,75.98405712878196
-1,16,4,3,204.0,65.5,404.2095,277.67600330195984
-10,17,4,2,55.0,53.5,80.2631,90.32746248173918
19,20,4,1,206.0,38.5,262.2282,147.73471266009219
95,16,2,0,62.0,57.5,128.6904,41.841658043629195
15,18,1,3,49.0,50.0,94.0455,22.482051279854335
50,16,3,2,180.0,47.0,306.692,169.42401994994688
-99,19,3,2,207.5,38.0,12.662,54.33726857323619
-8,19,1,1,257.0,57.5,203.5704,150.58613562954594
-33,19,4,3,130.5,52.0,8.5057,38.48114041332455
-18,16,1,0,111.0,34.0,21.7074,51.87506708660721
-33,19,1,1,38.0,41.0,4.0521,17.44998526045223
-48,20,3,0,89.0,52.0,7.207,31.032259843588573
13,20,4,2,197.5,25.0,241.2359,140.56103461197912
-31,17,2,2,177.5,25.0,10.487,44.8644963306176
-52,19,4,2,207.5,23.5,10.1397,47.333890437085344
21,17,3,2,153.5,24.0,231.6026,134.2562142816488
0,18,3,2,129.0,76.0,233.2426,107.86516186999397
17,16,4,0,164.0,38.0,316.8963,224.4717990000303
42,20,3,0,37.0,37.0,74.2554,24.024174717146895
89,16,2,1,130.0,60.0,212.2461,74.71365159587637
78,19,4,0,189.0,48.5,284.2921,184.8867604172619
20,17,4,1,108.5,44.0,211.5867,138.38440260054597
19,16,2,0,107.0,24.0,150.5859,59.124375863005945
-38,19,2,1,165.0,43.5,11.3846,47.42436802783986
-29,19,1,2,73.0,15.0,4.2064,18.77416839809423
54,16,3,2,98.0,56.0,193.2061,94.84014773707388
-65,18,2,2,44.0,57.5,5.1422,22.28595475091879
-46,17,4,1,192.0,66.0,12.776,55.95234600979657
35,16,2,0,193.0,46.0,275.4785,106.0484801293729
-28,18,3,1,167.5,31.0,9.6439,42.70592105071615
15,17,1,2,52.0,54.0,100.9598,23.079865336695534
7,18,1,3,187.0,27.0,203.7202,46.85868448815011
-84,19,1,1,216.5,51.5,12.3453,56.18799220393981
10,19,3,0,38.0,62.5,104.0942,33.4626317907005
2,18,1,0,102.5,30.0,126.0194,28.737728226844933
23,19,1,2,237.0,68.0,290.6356,65.17849348243637
11,19,4,0,17.0,48.0,66.8628,21.88187323242688
10,17,2,3,83.5,44.0,137.9861,45.76744374323303
-14,18,2,2,141.0,73.5,84.8495,120.33763106256495
-10,20,2,1,31.0,85.0,64.3734,58.866027320008605
30,18,2,2,151.0,12.0,177.1467,67.23625197101634
16,20,1,3,119.0,45.0,155.8364,36.35977495859951
-83,20,4,1,129.0,55.5,9.3194,40.45919158411349
-67,16,4,3,39.0,88.0,6.5272,28.09207468593233
-28,16,3,3,213.0,53.0,13.5722,58.573804615715375
-19,17,4,2,212.0,53.0,39.224,143.6933096006909
12,20,2,0,77.5,59.5,133.8556,37.59188141926392
60,16,2,1,216.0,73.0,329.358,119.09627801069185
11,20,1,1,189.5,73.0,250.2648,56.084253413591945
4,17,1,3,30.0,64.0,89.2769,21.594134073632127
-82,18,3,1,29.5,37.0,3.5351,14.953279506181913
32,20,4,2,168.5,44.0,226.7465,118.25325550592677
-2,16,2,2,143.0,41.5,211.1926,79.39005671518316
0,19,4,3,176.5,35.0,255.4628,171.6300655950466
-9,17,3,3,248.5,89.5,282.373,283.9889442760052
55,20,3,2,173.0,41.5,222.78,93.05935632702388
-84,20,1,1,180.0,99.0,14.0563,61.131156788580405
-89,20,4,1,176.0,30.5,11.4083,47.1830964552985
10,16,1,2,211.0,25.0,224.0428,53.29011135435916
-60,16,3,1,62.0,58.0,5.9771,26.124972260080966
-46,18,4,2,18.0,34.5,2.5414,11.345857659956781
-1,19,3,3,201.0,33.5,262.1947,132.38100162753716
-85,17,2,3,216.0,85.5,14.9738,65.56302398120454
-21,19,4,0,40.0,28.0,3.3023,14.614489888805561
-8,19,3,2,81.0,25.0,79.965,71.3871849494011
-54,19,3,3,181.0,52.0,11.8074,51.1068224921096
-78,19,1,2,12.5,24.5,1.7727,7.977620867777561
-37,18,4,1,177.0,38.0,12.1838,49.696265629924355
-38,17,1,0,3.0,68.5,3.4298,15.33829429760689
-30,20,2,3,147.5,40.0,9.3999,40.90872743058626
-47,19,1,0,111.0,66.0,8.7557,38.381975164261675
-34,17,2,0,221.0,34.5,12.8655,55.86008601631401
34,17,2,3,135.0,28.0,181.0639,68.34132437105679
-13,16,1,1,152.0,10.0,64.5753,79.39577526487162
46,19,2,0,6.0,79.0,81.2754,19.428508816684825
-61,16,1,0,187.0,54.0,11.6123,51.68711433916581
-66,18,3,0,239.5,55.0,14.9996,64.76260494946138
2,20,1,2,187.0,83.0,256.8662,58.63567256849708
66,18,2,1,79.5,15.0,101.8138,37.50719037144744
-12,19,3,0,227.0,50.5,146.7653,184.88611634168208
54,20,2,1,198.0,71.5,265.1249,76.31895898130425
-52,17,1,3,178.0,24.0,9.1329,42.0023313351771
31,19,1,2,92.5,18.0,105.0691,26.43896603859538
5,18,1,0,167.0,13.0,171.9258,37.5833512922943
67,20,2,0,122.5,48.0,167.8955,46.710409757890154
-42,19,3,3,171.0,5.0,8.9125,38.57199299686237
-16,18,1,1,89.0,59.0,36.848,64.13548546631576
22,18,2,3,180.0,58.0,255.9363,87.00527709461076
58,16,4,2,42.0,36.5,105.5336,60.82993236096848
47,17,4,2,161.0,41.0,286.8222,202.10290197609731
82,19,2,0,202.5,43.5,254.8523,86.43981307655635
-3,20,3,3,80.5,46.5,122.4705,52.999403107487915
43,19,3,2,230.0,5.0,268.9738,151.0443720022696
-2,18,1,0,197.0,11.0,196.9458,47.447613874250834
-74,16,3,0,40.0,35.0,3.7738,16.58620009405409
70,19,1,2,126.5,49.5,166.8414,39.09108397115639
-31,19,1,2,119.5,37.0,7.9407,34.3346615464606
-46,20,1,1,200.5,39.0,11.6129,51.61803418951559
61,20,1,2,20.0,56.0,72.3901,17.977205622398607
16,18,3,3,63.5,72.0,147.5335,56.77149000818985
4,17,1,0,109.0,91.0,190.4838,43.90032275006643
18,20,1,3,187.0,63.0,237.7002,55.0005629058467
-51,18,4,3,180.0,76.0,12.748,55.70575998943018
68,19,4,1,61.0,46.0,120.7543,63.45220351973602
-6,16,3,0,110.0,51.5,162.0337,125.60190748674957
27,18,4,2,203.0,41.5,321.4272,227.83855973070052
-32,19,2,1,251.0,74.0,16.5552,71.53194358438752
8,19,4,1,202.0,46.0,296.4905,192.49177621329696
-26,16,4,2,61.0,54.0,5.3053,24.306527763339624
5,17,4,0,64.5,34.0,131.3661,82.5024925125902
-16,19,2,3,85.0,18.0,28.7134,52.878393134058065
26,18,2,1,174.5,14.0,205.3921,77.17420266896187
-83,18,1,0,167.5,17.5,8.9334,39.659555777139005
64,18,1,1,71.0,18.0,84.5354,20.138424636500243
-18,18,4,0,49.5,35.0,15.471,42.56560300289425
-9,16,3,2,117.5,59.0,144.862,146.11312246338454
-6,17,1,2,158.0,75.0,174.1331,101.4839631882299
-58,20,4,2,199.0,84.0,13.72,60.73592676497165
33,20,3,0,174.5,54.0,235.0878,92.72056347520758
-57,20,2,1,216.0,40.0,12.8154,55.82123003696711
24,17,2,2,195.0,33.5,254.4866,97.9346905873501
19,19,1,0,184.0,70.0,241.8934,54.769800405332866
34,17,4,1,151.0,56.0,289.0354,193.27184054289955
79,19,4,3,172.0,44.0,257.3665,165.11222479801427
21,19,3,0,234.0,50.5,317.4151,157.00873157882017
-33,16,2,3,177.5,81.0,13.9964,58.57024148012367
-9,17,4,2,150.0,53.0,184.6276,214.2903015029845
-29,20,4,2,160.0,72.0,11.3061,50.00532574426448
-62,18,1,0,45.5,25.0,3.5244,15.462470845243331
36,20,3,1,86.0,57.0,143.622,50.22314920432609
-73,19,2,3,123.5,60.0,10.0619,41.80568703406272
26,17,3,0,189.0,39.0,289.7968,163.69740532384745
-2,19,2,0,116.0,56.5,174.7062,53.260135951384875
-12,18,1,0,112.0,15.5,57.2826,63.48480713714108
-14,20,1,0,70.5,46.0,40.6708,55.82335378101176
-4,18,2,2,27.0,64.0,81.6806,35.55797215309107
90,19,4,0,194.0,55.5,299.415,192.42307755308357
49,17,1,2,45.0,41.0,81.9047,18.80864742372508
5,17,3,2,133.0,63.0,241.1014,119.73013370927137
-24,17,1,3,167.0,44.0,10.7259,46.38313237794533
1,20,3,2,11.0,27.0,37.0895,11.15498497309611
-84,16,1,3,222.0,52.5,15.8795,64.10513848163811
-54,16,2,2,215.0,8.5,11.894,50.21285656084505
37,18,4,1,141.0,25.0,220.8579,158.69453332610422
-14,16,3,0,88.5,58.0,67.1468,101.77755965712679
26,16,2,2,244.0,69.0,358.6345,132.9858244691892
-6,20,1,0,225.0,26.0,188.8375,108.7600206590179
-4,17,2,2,16.0,67.5,74.6571,31.63734375054265
30,20,2,1,66.0,10.0,75.3077,22.696546448964433
-66,20,1,0,50.0,54.0,4.9756,22.249166380788292
14,20,1,3,143.5,38.0,173.3346,38.671018125205855
36,16,3,0,175.5,58.0,307.4592,165.72167249747392
7,20,4,2,209.5,20.0,248.8833,148.26799142468343
6,16,1,2,194.0,48.5,230.4702,53.61445058899699
40,18,1,1,53.5,54.0,101.8044,24.73006147667248
15,20,2,1,235.0,41.0,273.0423,82.34757501414356
-30,19,1,0,5.0,26.0,1.5051,6.664065875274644
-62,18,4,0,51.0,68.0,5.6921,25.437706217149376
41,18,2,3,91.0,16.0,115.5626,43.482572155289986
-36,18,3,2,58.0,11.0,3.4626,15.08854536527627
-41,20,3,2,45.0,28.0,3.7532,16.259541499070632
10,18,4,0,86.5,48.0,167.1334,101.04969373748739
-69,16,3,3,244.5,67.5,15.6711,68.13591949030994
81,16,3,1,52.0,37.0,109.9879,51.45238724869819
43,17,1,0,217.0,64.5,266.8612,62.814510541434615
40,17,4,3,104.5,73.0,232.1174,135.5157120677894
-28,20,4,3,222.0,25.5,11.6811,52.53613045124278
-32,18,4,1,132.0,62.0,10.0757,43.057667952526174
12,17,4,0,155.0,57.0,293.4116,196.92294022139725
-41,19,1,0,147.0,78.0,10.976,48.476881335333445
-5,20,1,0,129.5,35.5,132.189,66.63895016429956
-26,17,2,0,13.0,50.5,3.0717,13.670777560548633
2,20,2,3,80.0,71.5,147.8816,38.837571775794636
55,18,1,1,3.0,44.5,45.0417,11.141793442260543
-27,19,4,3,24.0,31.0,2.8516,12.309434489041323
82,17,2,0,78.5,14.0,103.2288,39.46094842448671
22,20,1,0,124.0,66.0,180.5423,41.529016491003006
6,17,4,1,186.0,21.0,306.0704,231.67115669379302
5,19,3,2,105.0,35.5,153.8256,72.77339888063494
-14,20,1,0,207.0,45.0,87.6623,120.05816281582024
60,19,3,1,5.5,26.0,31.0289,9.495181135186415
77,16,2,1,61.5,68.0,138.4367,42.53902200462535
37,18,4,0,37.0,6.0,58.2419,42.38224609892685
44,18,1,3,56.0,52.0,102.6808,23.630647713509674
-72,16,3,3,119.0,56.5,9.395,39.632284503924325
-25,18,4,2,95.0,48.0,6.8195,30.56219428885956
-23,16,4,3,72.0,32.5,5.6177,27.141819148870624
14,18,2,0,220.5,71.5,309.8431,108.44701417000837
-41,16,1,2,38.5,12.0,2.5034,10.95796461209836
-4,16,4,0,143.0,51.5,257.8481,202.95162385748483
-35,20,1,3,144.0,33.0,9.7086,40.33475283226612
-96,20,4,3,155.0,63.5,11.4863,48.820262312998686
31,20,2,0,134.0,66.0,197.0449,54.07453452402526
-22,18,4,1,176.0,35.0,10.1473,45.11175459578135
-92,17,2,0,132.5,63.0,9.494,42.02507541932555
13,17,1,2,63.0,68.0,124.7282,28.712466364978123
9,17,2,3,99.5,30.5,143.5953,51.248909431421076
81,20,4,0,29.0,16.0,47.2546,23.672371635305154
67,18,2,1,195.0,52.0,262.487,91.99611421685157
-1,18,3,3,202.0,48.0,298.0063,159.5449462073619
23,16,4,0,182.0,39.0,343.3483,247.30381191382796
-38,17,2,2,103.0,70.5,8.9435,38.39736850032824
85,20,4,3,10.0,52.0,60.5332,17.077309441478185
-51,18,1,0,146.0,34.0,8.6911,38.59501367780558
-17,16,4,1,178.0,75.5,78.489,186.02627792599625
55,19,1,3,55.5,26.5,78.2375,18.0084506204726
36,20,2,3,240.5,56.5,293.763,84.95950818478177
-43,18,3,2,133.5,61.0,9.7943,42.64982283093332
-19,17,2,2,215.0,28.0,29.3183,91.56858951141488
96,19,1,3,12.5,24.0,34.5919,8.621644529322698
-68,20,3,2,105.0,7.5,5.3054,23.86825361939997
78,20,2,1,46.5,28.0,73.2052,19.85973043522998
-62,19,3,1,129.0,53.0,8.2989,38.04670233791623
-72,16,1,0,124.0,24.0,6.9803,31.377796479517173
5,18,2,0,94.5,31.0,133.6676,46.96716417072676
-72,18,2,3,195.5,65.0,12.6194,55.9716691160805
-70,19,2,1,160.5,48.0,10.8828,46.437864552108756
5,17,2,1,214.0,40.0,282.4514,106.39223109813987
-43,19,3,3,179.5,47.0,11.0946,48.9419518495125
21,16,3,1,64.0,20.0,112.0303,63.22252748751824
-29,19,1,2,148.0,65.5,9.9554,45.053630384687104
-18,19,2,3,69.0,33.5,17.3677,43.2516114926369
-32,16,3,2,220.5,45.0,15.1624,61.62277360067462
9,19,2,2,182.5,25.0,214.8501,73.16287877052133
-26,20,2,3,63.5,25.0,4.3291,19.11554846688946
-2,18,3,1,147.0,18.0,201.2877,114.91812619734974
79,18,2,2,67.5,72.0,142.5617,41.71450339042765
48,16,3,2,138.0,75.5,273.818,133.96621169533753
-13,20,3,0,174.0,61.0,101.0635,131.93731264411142
94,17,2,1,38.5,51.0,92.9267,26.516959235741943
-47,17,3,3,241.0,48.0,13.5579,61.145255315437176
-64,18,3,2,171.0,47.0,12.1963,50.09840482799825
-26,17,3,2,115.0,40.5,7.9158,34.217166895580355
-5,16,2,3,64.0,43.0,100.7333,57.45046536895937
-68,18,2,0,28.0,10.0,1.8424,8.205642097971372
22,16,2,2,18.5,30.0,50.7758,15.460528269111636
-64,20,3,2,142.0,38.0,9.1558,39.5511457022423
31,19,1,3,259.0,80.5,322.3488,75.24815172853084
-97,17,2,1,195.5,42.0,12.3618,52.73363727982359
0,19,2,1,101.5,44.0,148.0719,45.41027780569064
45,19,1,0,119.0,39.0,149.9687,35.23052540496664
-66,19,1,2,82.0,51.0,6.7913,29.32303436396036
52,19,4,0,176.0,71.5,290.0643,175.418428238056
-84,19,1,3,140.0,77.0,10.8568,47.3704896930568
-30,19,3,0,147.0,59.0,10.9234,46.21259495462248
56,17,2,0,20.5,31.0,52.8769,16.373678462398118
-54,19,1,1,214.0,41.0,13.3884,56.90312772985331
7,17,3,1,0.5,9.0,9.2602,5.290283164444036
-67,20,1,3,21.0,57.0,3.446,16.09010515813989
-41,19,4,2,184.0,60.0,12.7404,54.29143586091641
44,18,4,3,104.0,26.0,169.3938,116.08984762484616
11,20,4,0,212.5,62.5,294.2279,156.31893666984175
-37,20,1,2,5.0,81.0,4.5045,19.197046120432173
53,20,1,3,90.0,24.0,108.0278,25.731887361015712
-83,17,2,2,49.0,43.0,4.375,19.544558705685837
81,16,1,0,88.0,26.0,108.7992,25.736683534597073
-13,20,3,0,26.5,34.5,24.8713,32.28460834995524
66,18,2,3,84.0,19.5,111.1424,39.86876123282488
-42,16,2,2,60.0,30.5,4.1518,19.092955684230766
-9,16,1,0,220.5,57.5,164.0095,136.90219724222834
-30,18,1,2,59.5,56.0,6.6001,26.832848898132305
58,19,4,1,134.0,13.0,177.5927,125.82442293414263
-40,17,3,3,106.0,41.0,7.5364,32.429854687309344
74,18,4,0,109.5,45.5,196.921,126.21548303991868
-25,17,2,0,115.0,58.0,8.0788,36.52044346061531
-52,20,2,3,86.0,62.0,7.3549,32.1890904809378
-75,16,1,0,139.0,5.5,7.4626,32.13114378978751
-57,19,3,0,24.0,58.0,3.9563,17.553415346023122
88,17,3,1,59.0,44.0,120.719,55.14703835202757
-5,17,3,2,105.0,48.0,161.1562,111.94196711492968
4,19,1,1,114.0,40.0,146.3225,34.090777253532956
22,17,1,1,44.0,52.0,91.6578,20.27401043602375
44,17,4,1,63.5,36.0,132.3242,81.25596897680809
-43,19,3,1,188.0,48.5,12.7687,53.44762296220479
4,17,3,0,42.0,27.0,81.9601,39.266129271803706
-9,19,2,1,106.0,19.5,82.7321,72.334030231904
-17,18,1,3,170.5,52.5,43.7354,88.63535066123448
-24,20,3,0,206.5,8.0,10.7365,46.757671752879226
67,17,1,2,182.0,31.0,202.9567,45.30515892379145
19,20,4,3,38.0,9.0,50.3454,27.94054220733735
-2,17,4,2,93.0,44.0,187.4296,119.5803004003586
80,18,4,1,28.0,38.0,74.5941,34.70371947198167
-90,20,4,1,155.0,62.5,11.0135,47.748708021788396
8,16,2,0,153.0,37.0,217.5749,83.19222193204122
41,20,1,0,207.0,69.0,262.7342,59.44803066847547
-42,18,1,2,174.0,36.0,10.8614,46.50386424846865
-72,19,3,2,180.0,47.0,11.2416,49.278880156107434
-16,20,1,0,113.0,39.0,38.0175,65.88704420255928
-18,19,4,0,108.0,43.0,27.5642,74.4278367169166
-13,16,1,2,36.0,28.0,25.7483,31.457557869453247
47,18,2,3,182.0,38.0,236.9103,82.58403389221188
10,19,1,1,70.0,68.0,130.8418,32.33035373700696
-54,17,2,0,151.0,21.0,8.5514,37.42062744049063
91,18,3,3,128.5,46.0,204.1183,103.09861931718582
-32,16,3,2,190.0,68.0,11.5904,53.4805051195293
62,17,2,1,146.0,8.5,178.5803,71.5207700735248
-35,19,4,2,48.0,77.0,6.0851,26.934840968344325
67,20,3,3,200.0,30.0,240.0132,105.03882342143785
-27,16,2,3,108.0,83.0,9.3629,41.273262575061835
-73,19,1,0,192.5,75.0,13.806,59.21018631958523
-35,19,1,1,62.0,68.5,7.0164,29.496730853435263
-62,16,3,3,102.0,41.0,7.6344,32.205045204750135
-35,19,4,1,186.5,80.0,13.3312,58.20215895102174
-71,17,4,3,225.0,62.5,13.6426,61.20847870385279
29,16,1,3,129.0,70.0,189.475,42.82760062156179
-15,16,1,1,26.5,16.0,12.8267,19.757714116516617
18,18,3,3,168.0,46.5,254.4825,131.8606032662903
-35,19,3,0,104.5,62.5,8.0329,35.75342805368459
13,16,2,2,155.0,53.0,237.3009,85.71015668629943
3,17,4,3,87.0,52.0,186.4838,114.05315750806726
-4,18,1,1,173.5,10.0,155.4184,66.29686072085163
56,16,2,0,187.5,38.5,261.642,99.96738786224236
-65,19,1,0,47.5,31.0,3.9751,17.207093885662392
12,17,1,2,99.5,46.0,138.447,32.151621903101564
83,18,3,1,106.5,28.0,159.2211,84.25220718052435
9,17,4,3,95.0,44.0,189.5834,121.13715798399762
-50,19,4,2,101.0,61.5,8.1184,35.36503331597469
48,20,3,2,98.0,27.5,128.9835,51.664189026345895
16,20,3,1,88.0,41.5,131.8394,50.590752194842885
10,19,3,3,258.0,40.0,334.3503,170.16227369752085
-37,20,3,0,74.0,67.5,7.2658,31.265417802421897
8,19,1,1,51.0,86.0,130.4951,31.608356110212373
15,16,2,1,40.0,44.0,89.5028,27.79303495770118
-4,20,2,1,162.0,55.5,192.2102,88.28355008697827
0,17,2,1,41.0,65.5,109.4665,31.561088031783694
-59,20,3,1,160.0,39.5,9.6392,42.79604448263881
66,20,3,0,172.0,56.0,233.806,89.37534986784668
18,16,2,0,72.0,5.0,91.3707,38.775637731828475
-40,16,4,0,125.5,32.0,7.6317,33.81118535499754
24,17,3,1,236.0,66.0,383.9392,208.32234662503203
-14,16,1,2,133.0,51.0,65.9148,88.31467455049585
-2,16,2,1,74.0,46.0,132.2483,47.37374850178102
-40,17,4,2,144.0,32.5,9.2898,39.464138353193526
-41,16,2,1,90.0,50.0,6.8417,30.26458063661216
-56,20,4,0,175.0,41.0,11.0703,47.59964871624579
60,19,2,0,209.0,49.5,266.8447,91.06333390509047
73,20,3,2,106.5,55.5,164.8397,59.847442751633096
0,16,2,3,98.0,47.0,162.5236,56.59729006798823
47,16,2,3,200.0,43.0,278.2451,107.45352588905585
-4,20,2,3,153.0,31.0,164.8546,75.6194489456251
32,20,3,3,176.0,11.0,194.1222,88.52207785157327
1,19,4,1,195.5,16.5,262.6547,189.82911122351595
47,19,4,3,123.5,52.5,204.2125,119.68964509827072
49,18,4,1,29.0,48.0,85.5709,37.4901476816243
-10,16,4,2,190.0,40.0,212.852,274.1000826267661
-39,16,2,3,162.0,48.5,9.6801,44.081605732890445
-22,19,3,3,192.0,43.0,13.798,65.66422919672476
-32,18,4,1,199.5,56.5,11.8362,53.74989273998601
-98,20,1,3,72.5,47.0,6.0411,26.25609664039954
24,16,4,2,126.0,62.0,274.6586,174.9035083868817
-59,17,4,2,136.0,35.0,8.7807,37.740649272501926
-72,17,4,1,186.0,71.5,13.3141,56.94097330736454
20,17,4,3,122.0,22.0,207.9583,153.65991592184997
-3,18,1,0,184.0,35.0,196.9883,66.64502204298533
79,17,4,0,103.0,43.0,200.8979,131.81211126292607
-52,20,3,3,80.0,32.0,5.3699,23.975447315743658
-81,20,3,0,53.0,29.5,3.8571,17.438987344166513
65,16,2,3,199.0,84.0,318.2806,114.01875136853586
26,16,3,1,107.0,31.5,183.9935,100.81705043171021
-5,16,2,0,202.0,45.0,239.4164,141.85845836974264
-49,17,3,1,81.0,41.0,6.4308,27.36691088449699
16,17,2,0,87.0,16.0,115.4893,44.03907453058022
-50,18,2,3,166.0,59.0,11.4668,49.48023946748843
-13,18,1,0,-4.0,86.0,33.0554,40.394092771592234
48,20,3,1,97.5,46.5,145.9698,52.31159037880611
19,16,2,3,221.0,45.5,306.7572,119.39860153351881
23,20,2,3,139.0,30.5,168.4061,49.04478344115712
1,17,2,0,225.0,86.5,341.1377,119.56341722579694
-3,19,4,2,132.0,38.0,193.7974,136.2915109360814
-29,16,4,2,84.5,51.5,6.5001,29.078531599618305
0,17,1,2,150.5,40.5,181.5828,41.52379973172012
-30,19,3,3,164.5,56.0,11.2898,48.61936873263576
-8,16,2,3,201.0,14.0,178.208,152.62638152036496
1,16,4,0,122.0,88.0,292.2062,172.26789683966075
23,18,1,1,78.0,76.0,145.8232,36.1851287376458
30,17,3,0,39.0,67.0,116.1735,42.19404220680924
-22,17,3,3,135.0,12.0,9.1068,42.67097835484909
-17,18,2,2,157.5,52.5,49.1572,102.71660862859521
57,18,2,1,114.0,41.0,163.6778,55.70856296082318
-36,20,1,2,43.0,67.0,5.6522,24.35603898748727
-50,17,4,3,231.0,67.0,13.85,62.74709953456015
-5,19,1,0,178.0,50.5,181.7586,92.26182485752165
-42,18,2,3,13.0,85.0,5.0229,21.715067938875993
-27,19,4,2,163.0,34.0,10.1302,43.44988432619815
-2,18,4,2,113.0,59.0,215.543,131.31766884543754
-45,20,1,1,144.0,19.0,7.6771,34.586720509322646
7,17,4,0,110.0,28.0,197.1336,138.98905478864157
-33,16,4,0,108.5,52.0,7.9297,34.75334167975794
-31,20,3,2,47.0,63.0,5.6019,24.324518831623372
73,18,4,1,140.0,39.0,231.0275,157.9874923649021
-93,16,3,3,239.5,58.5,15.16,65.50204882291851
-31,18,2,2,165.5,20.0,9.5453,41.00199687710344
22,20,2,2,109.5,32.0,139.7603,39.433334171865305
90,20,4,1,136.0,5.0,154.604,95.23156611124274
44,16,4,0,52.5,55.0,141.3177,75.43548214673251
-6,19,1,1,118.0,52.0,128.0812,73.40672180774729
-58,20,4,1,241.0,63.5,15.6751,67.23578466850819
-58,20,3,2,97.0,44.5,7.3493,31.41445351283387
11,16,2,3,29.5,44.0,77.5152,22.519448682416716
8,16,1,1,160.0,48.0,197.6826,45.5848928619998
-52,16,2,2,35.5,76.5,5.4792,24.273725864811112
-6,19,4,0,192.0,38.0,215.2195,193.298955816502
-84,18,4,3,114.0,43.0,8.0092,34.69416543685696
-73,16,3,2,18.0,35.5,2.8556,12.06788086782431
-51,20,3,3,221.0,65.0,15.2986,64.36808244805806
89,19,3,0,13.0,6.0,20.6287,9.326909258162642
47,16,3,2,50.0,23.0,93.705,48.110589011152214
-72,19,3,2,142.0,32.0,8.8886,38.33623077507751
29,20,3,2,145.0,8.0,158.4601,72.34469163656722
-62,17,1,3,201.0,65.0,12.8699,57.051760481075426
-54,18,4,3,182.0,92.0,13.0177,58.31667503133216
-37,16,3,1,180.5,48.0,11.3103,49.55032607269098
-77,19,1,2,121.0,63.0,8.9337,39.57880625170497
33,18,4,2,33.0,32.5,77.1084,40.707250575788095
42,17,2,0,230.5,50.0,312.2582,116.00120315220873
-1,18,1,1,219.0,24.5,231.4628,53.20489654308144
-3,17,3,3,113.0,17.0,162.6033,104.35957708380195
37,18,3,1,138.5,9.0,182.6439,107.81529804619565
-7,17,4,0,166.0,13.0,193.7282,209.5444643142834
-53,16,3,2,78.0,40.0,5.8727,25.69672536939289
53,19,1,1,187.5,54.0,228.7741,54.16671366429756
-46,16,2,2,124.5,34.5,8.4222,35.72058716146755
26,16,1,2,150.0,49.0,189.0893,43.33620571196791
37,16,2,3,85.0,37.0,137.5666,48.18261475304137
18,19,1,1,50.5,51.0,96.3208,23.780788198880206
-10,19,4,1,79.0,40.0,79.282,91.73800126447055
34,16,4,2,204.5,66.5,412.0183,279.5620853497663
87,16,3,1,107.0,45.5,197.4262,102.66855386904015
-25,19,2,0,163.0,49.0,10.328,45.609611004699445
54,18,2,2,208.0,59.5,284.0369,97.54333671958325
16,20,1,0,185.5,54.0,226.2956,55.67955837324862
-63,18,4,0,209.0,60.5,13.7173,59.2508276795354
-3,20,1,0,211.0,23.0,210.8337,70.23890406541094
-39,16,4,2,96.0,59.5,7.8108,34.03606915259164
44,19,3,1,202.0,55.0,284.5626,136.26248816618607
6,20,1,3,114.0,75.0,178.7247,43.46826785035263
-35,18,1,0,215.0,35.0,12.3421,54.18650447842157
-16,19,4,3,47.0,35.0,26.914,53.29478589881003
37,18,4,3,104.0,30.0,173.7388,118.8193442776049
28,16,1,3,68.5,82.0,143.2107,33.67289571019992
-28,20,1,3,152.0,19.5,8.5101,37.312902567208575
-54,19,2,3,103.0,28.0,6.3899,28.333536277528086
-14,19,3,1,90.5,70.5,64.9997,94.24113061667923
-32,16,4,0,182.0,33.0,11.3657,48.148492847751726
67,20,2,3,115.0,46.5,159.0776,44.3152183593853
-66,18,2,1,39.0,29.0,3.3199,14.713013423157063
70,17,4,3,28.0,49.5,90.4419,41.08068432231868
-25,16,1,3,196.5,66.5,13.8166,58.6648443655994
67,17,2,1,158.0,43.5,223.5588,81.07151005476585
-6,16,4,0,189.5,88.0,321.0518,283.56205232146283
1,16,1,0,154.0,59.0,203.0746,45.58429592348663
82,17,1,0,86.0,62.0,141.2927,31.66788004761291
0,20,2,1,166.0,61.0,223.7615,63.22688840793923
70,19,2,0,141.0,33.0,180.0435,59.310560676409054
-30,18,4,1,173.0,57.0,10.9405,49.01194507209441
-18,16,3,2,237.0,40.0,59.0044,161.78945262482347
29,17,3,1,188.5,65.5,318.8882,167.54507125176795
-21,16,4,0,136.0,18.0,8.4732,35.13292304605467
-50,20,2,3,7.0,77.0,4.2825,18.482172322267747
-42,16,3,1,116.0,36.0,7.4077,32.76180826373904
-42,19,4,3,218.0,39.0,12.3666,55.033855075217105
5,20,1,2,63.0,43.5,100.9736,24.25987846300966
5,20,2,0,202.0,87.0,283.9316,79.31482535718024
-69,18,2,1,183.0,70.0,12.9912,55.88367313053071
-36,18,1,3,203.0,23.0,11.9791,50.64167318710946
-1,19,2,1,215.0,43.5,266.1814,89.49416569832918
3,16,4,0,174.0,38.0,331.5817,236.8838152451746
-81,18,1,2,74.5,3.5,3.7937,16.799849413313204
9,17,4,1,82.0,10.5,138.4697,103.58923535729954
7,16,1,1,139.0,26.5,157.5146,35.537321041969385
-14,17,4,2,106.0,48.5,84.2345,141.11119413338545
75,17,2,0,138.0,37.5,194.1571,71.52807993781182
64,20,4,3,27.5,51.5,79.7329,27.45081706598184
29,20,3,1,126.0,53.0,182.8297,70.26011882931881
-14,17,2,2,23.5,37.5,23.586,32.7610745245024
13,19,4,1,199.0,60.0,302.8124,188.5540341818228
-54,16,2,2,127.5,63.5,9.3214,41.166689228549814
73,20,2,2,133.0,37.0,168.7044,48.84933388123118
-15,17,2,1,151.0,19.0,62.2847,100.41631862356836
-44,19,3,1,198.0,90.5,13.8908,61.819159452066316
24,16,3,3,153.5,8.0,229.6471,141.9332785557707
-6,19,2,0,148.0,62.0,167.886,105.01914684475398
-63,20,2,1,229.0,74.0,14.655,65.00075980325154
36,17,2,2,185.5,24.0,237.2636,92.21666723017049
1,16,2,3,161.0,85.5,273.5114,94.19294384421798
54,18,2,0,103.5,80.0,190.5807,58.02086251952827
-35,18,3,1,43.0,54.0,4.8263,21.179205091551477
18,17,4,0,50.0,33.0,110.2157,64.92373351487112
10,18,3,2,212.0,62.5,326.5989,172.93254586337991
-69,16,3,0,250.0,38.0,14.0808,62.12846747957009
29,19,2,0,178.5,39.0,223.2187,75.27500561481214
42,19,2,1,99.0,61.0,162.4553,47.77545187551866
-28,16,2,3,146.5,66.0,10.1574,45.31385687888419
-17,17,4,3,132.0,34.5,62.3597,150.4494643257662
25,19,2,3,141.0,31.0,177.1981,59.994895252762966
24,19,1,0,170.0,26.5,187.2523,41.627224801925
17,18,4,0,127.0,40.0,216.5153,145.4872041311881
-105,20,1,1,136.0,71.0,10.2076,44.796795669333314
-60,16,3,3,124.0,61.0,9.2858,40.42545136866131
1,16,1,0,234.0,17.0,238.4152,55.5390962202303
30,18,2,3,81.0,74.0,159.8414,48.2610945383546
-72,16,2,1,41.0,44.0,4.2125,18.520722009414207
-58,16,1,0,76.5,57.0,6.0197,27.717841039842906
-5,17,2,0,169.0,46.0,199.0866,116.6578985771645
5,19,4,0,55.0,21.0,89.5833,54.5047379693729
-1,20,4,1,49.0,64.5,114.3173,41.312165529175545
-82,18,4,2,163.0,44.0,10.3518,45.169115961683374
54,19,1,0,127.0,73.0,189.9831,43.83037091321496
-42,19,2,0,69.5,39.0,4.9059,22.550783693477264
54,20,3,0,165.0,48.5,219.7025,89.52656585477855
-56,16,1,0,109.5,12.5,6.0607,26.556551272896865
20,17,1,1,45.0,39.0,80.1315,18.641126783271446
35,19,2,2,60.5,51.0,111.9695,33.97129920609455
-39,18,4,3,114.5,78.0,9.4085,41.52860252584958
38,16,1,3,126.5,22.0,141.0499,32.919252877153816
5,17,3,1,137.0,42.0,226.5413,122.32096342945472
32,17,2,3,124.5,51.0,190.895,66.26529993141207
-19,20,4,2,36.0,27.0,7.2135,23.88461257274231
-23,16,3,3,76.5,17.0,4.7847,22.874027758792284
-86,19,3,3,208.0,26.0,12.0928,51.81454031601554
44,19,3,3,88.0,42.0,141.7526,62.12619409910766
-38,19,4,3,193.0,49.0,11.9001,52.32564495531805
41,18,3,1,120.0,47.5,194.9591,98.4981686489145
2,17,4,1,206.0,44.0,358.9264,258.2677768964607
12,19,4,0,112.5,58.0,195.3833,110.44737380811732
-16,16,2,0,235.5,41.0,83.6197,154.24599985707894
-15,19,2,0,38.0,50.0,27.6877,42.6993907299624
-43,18,3,3,120.0,32.0,7.814,33.64203329170221
-57,19,2,3,64.0,52.0,5.6206,25.032096509082095
15,16,2,0,107.0,60.0,185.1313,62.510913129708804
-46,20,1,1,36.0,57.0,4.6144,20.19114936401591
-21,18,4,3,157.0,40.0,13.4045,70.40554012114387
7,17,3,1,134.0,41.0,220.0053,118.91406423089744
49,18,3,3,30.5,56.0,91.7683,30.830916546706813
-99,16,3,0,127.5,22.0,7.8352,33.38123186702373
23,16,4,3,86.0,35.0,177.6415,118.06856049664535
56,20,2,2,77.0,33.0,108.4203,32.22337424774134
49,19,3,2,121.0,23.0,161.2917,81.48272339036049
-48,18,3,0,147.0,6.5,7.3141,32.72025429592503
-32,18,1,2,118.5,69.0,9.3693,40.84920216491382
-91,16,3,3,68.5,35.5,5.2273,22.729743392964206
-37,20,2,1,217.0,12.0,12.2019,51.431796939150395
16,16,1,3,220.0,15.0,223.6205,51.81670849976868
21,17,3,2,176.0,33.0,268.8753,152.46169600889925
-77,16,3,0,205.0,40.0,11.3999,51.625764691576244
-38,19,3,3,152.0,35.0,9.3859,40.798855145579765
-21,20,3,2,163.0,33.0,11.3295,53.482602122092004
-65,17,4,1,106.0,90.0,9.9924,43.13362426506726
-30,18,4,2,104.5,47.0,7.4564,32.87784206787301
36,18,1,1,225.5,31.5,244.4774,56.227643461557236
11,17,2,2,107.5,43.0,164.6825,57.72710016751231
-44,17,1,1,39.0,47.0,4.1173,18.535720668752
-86,16,4,3,58.0,13.0,3.7454,15.905444943163333
15,18,3,1,106.0,25.5,157.0085,82.93423917628955
-98,16,4,1,110.0,8.0,5.8401,25.57951000293008
-41,19,4,3,160.0,49.0,10.6974,46.1287332715738
33,20,4,1,46.5,48.5,97.3499,39.123822282466215
-9,16,1,3,162.0,93.0,152.8009,125.02722047294341
16,19,2,3,76.0,73.0,149.3854,42.879613650778154
-50,20,2,1,86.0,61.0,7.4788,32.3796996675386
-27,18,4,2,69.5,34.5,5.226,22.826049242039236
46,16,4,3,37.5,40.5,102.4023,54.01163258697149
-21,16,3,0,25.0,31.0,2.6966,12.000931148873406
15,18,4,2,233.0,37.0,362.7203,262.73775379246507
99,16,4,1,219.5,79.0,449.0372,301.70357209711653
36,16,1,3,93.0,49.5,135.3298,31.58279645566554
22,17,1,0,171.0,51.0,211.7788,47.56198976661931
-6,17,4,2,166.5,40.0,237.9115,226.70966734515315
-72,18,1,0,136.0,37.0,8.997,38.47167517797996
-60,17,1,1,100.0,7.5,5.2557,23.187861425970272
17,19,1,3,143.0,64.0,196.3186,46.317110165035125
10,19,3,2,97.0,20.5,131.3742,65.86830174188492
37,18,1,2,9.0,52.0,58.0105,13.93796935532576
-73,17,2,0,163.0,28.0,9.6954,41.98304203889947
-18,16,4,1,75.0,35.0,23.2878,65.57573157167215
1,19,4,0,155.0,24.5,215.4849,146.0519536739923
2,19,2,2,44.0,55.0,99.0151,26.605677439035453
-33,16,4,2,192.0,35.0,10.8472,48.43866484700008
43,16,4,3,132.5,2.5,225.9333,178.6580948379054
2,20,4,0,238.0,67.0,325.7956,175.07457959578255
3,18,2,3,139.0,33.5,185.5624,66.34810099950111
55,17,1,0,127.5,54.5,172.7082,40.12221894113036
-1,19,2,3,68.0,13.0,83.3705,28.582386704927213
13,20,4,1,203.5,6.0,227.5686,139.47913354348026
-33,17,4,2,65.5,39.5,5.1548,22.78926143954648
-1,18,1,0,66.0,49.0,109.2513,26.218751845005894
52,16,3,0,177.5,82.5,334.4678,169.74464045489037
-37,18,4,0,100.0,51.0,7.3326,32.54196332798622
-77,18,1,2,128.0,75.0,9.9995,44.071420441710295
-7,18,2,3,153.5,52.0,164.8889,118.76056313772683
-25,19,4,2,242.0,74.0,17.0928,71.50487947098435
19,16,3,2,143.0,46.0,250.8586,136.55067413249924
-49,17,4,3,49.0,42.0,4.5972,19.979728530688302
48,17,3,2,40.0,56.0,106.9163,41.22819052917554
-63,19,4,3,151.0,68.0,11.3163,48.54528663330767
-21,20,2,2,60.5,44.0,5.4409,24.243129071759697
35,17,3,0,2.0,49.0,49.36,12.2996097499067
-5,19,1,0,126.0,21.0,117.0634,59.311411890461684
-95,16,2,3,171.5,63.0,11.5429,50.833272170793805
6,18,3,3,179.5,16.0,239.8493,138.60303672542676
62,17,2,1,121.0,40.0,178.2236,61.65944698941112
-50,19,3,3,96.0,50.0,7.336,31.924193082989575
30,19,4,2,56.0,66.0,131.8888,58.70775106031571
-27,20,4,1,204.0,87.0,13.8999,62.088527764716716
44,20,4,1,158.0,64.0,235.0742,116.2596443068703
8,16,2,1,108.5,91.0,216.5117,67.98174948550529
-36,18,3,0,218.0,35.5,13.7759,57.416451293945364
-54,20,2,3,198.5,64.5,13.7091,58.431618813703935
0,19,4,1,32.0,46.5,84.2533,34.854278634193534
21,16,3,1,89.0,17.0,145.6646,83.84424313475553
-2,20,4,3,159.0,38.0,210.4378,112.76763778300936
-2,20,3,2,94.0,61.5,157.6019,56.154916226364364
13,20,4,1,95.0,21.5,124.0844,68.09826926317584
17,18,3,3,78.0,51.0,146.8431,65.53268560336895
67,19,1,3,80.0,64.0,136.8691,31.75348744925508
0,19,3,0,214.0,73.0,315.9861,149.3581578180114
1,16,2,1,120.0,79.0,219.7337,71.0360555233045
16,19,3,1,183.0,62.0,268.6317,126.6986095231909
-22,18,1,3,220.0,39.5,12.9026,56.381272717454685
-36,16,4,0,83.0,8.0,5.0098,20.772628720506223
8,18,3,3,126.0,49.0,202.9354,100.24084210959123
38,18,1,2,145.0,64.0,198.6472,46.08627921800587
41,20,1,0,210.5,52.0,249.2905,58.754605859881316
-2,20,2,3,212.0,52.5,261.4404,78.07596587836747
-41,16,4,0,44.5,30.0,3.6192,16.045815384703886
-4,16,2,3,29.0,64.0,87.0289,37.89497149741638
-69,17,2,0,208.5,73.5,14.4498,62.1941305909167
11,16,2,0,59.0,31.0,100.4376,35.914037732340816
-14,19,2,1,161.0,66.5,85.9398,121.80252532669428
-15,17,3,1,129.0,49.0,70.7454,125.11666067650621
-59,19,1,0,52.0,63.0,5.812,25.223620993029535
-72,20,4,0,197.5,55.5,12.6774,55.19223432005631
-11,16,1,0,98.0,34.0,64.3044,66.033595545298
52,18,4,0,202.0,20.0,299.6666,226.31809438142588
-62,18,2,1,109.0,7.0,5.7187,25.200832730487296
75,19,2,2,195.0,56.0,258.0601,81.14757475112857
-59,17,1,2,38.0,86.0,6.6423,28.068515292227335
-4,20,4,1,41.0,31.0,67.461,38.556087444137795
48,16,3,3,138.5,27.0,227.5304,130.24255017405028
-83,16,2,2,203.5,61.0,12.8302,56.774881487855176
38,19,2,0,121.0,47.0,171.836,54.521033592550324
78,20,1,2,182.0,17.5,189.3224,44.840232584588584
-36,17,4,1,78.0,6.0,4.2354,18.496193847383847
-5,20,2,0,208.0,26.5,195.0154,105.32660140173516
36,20,3,1,204.5,30.5,243.1087,104.00435031434982
-61,19,4,3,79.0,63.0,7.2991,31.43153574342177
14,16,2,3,98.5,67.5,182.184,59.45203229495187
52,17,3,1,52.0,61.0,128.2223,51.65684352251888
-42,17,2,1,49.0,79.0,6.9382,28.98822141422271
-31,16,3,1,188.0,60.0,12.571,54.48537197266804
-89,17,2,0,179.0,34.0,10.7099,46.58010886623174
-32,16,2,3,113.0,24.5,6.8973,30.077033642132996
-51,18,2,2,106.0,26.5,6.5539,28.763426339537506
16,18,2,2,188.5,44.0,248.7863,87.78573250995859
87,16,4,3,183.0,58.0,369.4217,252.66653927481175
-23,20,2,0,128.0,55.5,9.1162,39.90085835618076
-41,19,1,1,49.0,51.5,5.2164,22.27810968282543
-55,19,1,2,276.0,63.5,17.1517,74.50730626663402
-52,16,4,1,37.5,78.0,5.6252,24.891788303776003
-98,19,3,3,17.0,24.0,2.107,9.111758941060721
-18,18,1,2,175.0,9.5,28.6509,66.82869914333212
29,19,3,1,34.0,73.5,109.372,33.69272942342309
